laywer contact name,number of connections
Stephen Young Lawyers,3841
Benefit Legal Lawyers Pty Ltd,3626
Littles Lawyers,1978
Turner Freeman Lawyers,979
Alliance Compensation And Litigation Lawyers,794
State Law Group,631
P K Simpson & Co,403
P K Simpson And Co,282
Nsw Litigation Lawyers,281
Law Partners Personal Injury Lawyers,254
Stephen Young Lawyers Pty Ltd Law Practice Trust Account,249
Walker Law Group,241
Pk Simpson And Co Trust Account,226
Nsw Compensation Lawyers,187
Gerard Malouf And Partners,157
Law Partners Compensation Lawyers,134
Slater And Gordon Lawyers,133
Longton Compensation Lawyers,130
Rmb Lawyers,127
Carroll And Odea Lawyers,124
Lionheart Lawyers,105
Gerard Malouf & Partners,98
Carters Law Firm,98
Bond Legal Pty Ltd,96
Prominent Lawyers,92
Gerard Malouf And Partners Solicitors,91
Stephen Young Lawyer,86
Ayoub Lawyers Pty Ltd,79
Burke & Mead Lawyers,71
Shine Lawyers,66
Cl Compensation Lawyers,64
Harrow Legal Pty Ltd,59
Slater And Gordon,58
C M Lawyers,54
Ajb Stevens Lawyers,52
Stacks Goudkamp,50
Shaheen Legal,49
Norwest Lawyers,48
Gajic Lawyers,47
Ac Lawyers,46
Beilby Poulden Costello,46
Stephen Young,43
Kassira Law,42
Lhd Lawyers Trust Account,37
Brydens Lawyers Pty Ltd,36
Firths The Compensation Lawyers,36
Carroll And Odea,33
Leitch Hasson Dent Pty Ltd Tas Lhd Lawyers,33
David Legal,30
Sharah Henville,30
Everingham Solomons Solicitors,30
Stacks Southern,30
Cmc Lawyers,28
Shine Lawyers Limited,28
Tony Love Lawyers,27
Bourke Love Lawyers,27
Adams And Co Lawyers,26
Slater Gordon Lawyers,26
M D Di Re,26
Carroll & O'Dea Lawyers,26
Schreuders,26
Toby Tancred Solicitor,25
C And M Lawyers,24
Trump Lawyers,22
Owen Hodge Lawyers,22
Law Advice Compensation Lawyers,20
Bond Legal,20
Maliganis Edwards Johnson,19
Young And Muggleton,18
Law Partners,18
Michael Evers And Co,17
Am Legal Compensation Lawyers,16
Advantage Legal Pty Ltd,16
Frisina Lawyers,16
Mn Compensation Lawyers,16
Danawe Lawyers,16
Brydens Lawyers Trust Acct Pty Ltd,16
Shanahan Tudhope Solicitors,16
Burgan Lawyers Pty Limited,16
Braye Cragg Solicitors,15
Sayan And Associates,15
Mcdonnell Schroder Solictors And Conveyancers,14
Kim And Associates,14
Stacks The Law Firm,14
R J O'Halloran & Co,13
Nikolovski Lawyers,13
Michael Evers And Co Trust Account,13
Resolve Law Group,12
Prolegal Law Practice Trust Account,12
Withstand Lawyers,12
Adeve Lawyers,12
Capitol Legal,12
Remedy Law Group,12
Lamrocks Solicitors Attorneys,11
R J O'Halloran And Co,11
P K Simpson And Co Trust Account,11
Gerard Malouf Partners Pty Ltd Trust Account,11
Somerville Laundry Lomax Solicitors,11
Sanford Legal,10
Ajb Stevens Pty Ltd,10
Burgess Accident And Compenstation Lawyers Pty Limited,10
Wyatts Lawyers And Advisors,10
Kheir Lawyers,10
Care Compensation Lawyers,10
Kq Lawyers,10
Lionheart Lawyers Trust Account,9
Dehsabzi Lawyers,9
Burke Legal,9
Slater & Gordon Lawyers,9
Marocchi Law,9
Beilby Pouldn Costello,9
Commins Hendriks Pty Ltd,8
Michael Abboud And Co,8
Kells The Lawyers Trust Account,8
Mcdonnell Schroder Solicitors,8
Paramount Compensation Lawyers,8
Longton Compensation Lawyers Pty Ltd,8
Alliance Compensation Lititgation Lawyers,8
Drexler And Partners Litigation Lawyers Trust Account,8
Diamond Conway Lawyers,8
Paul A Curtis And Co,8
Bale Boshev Lawyers,8
Drexler Litigation Lawyers,8
Koutzoumis Lawyers,8
Penrose Lawyers,8
Park And Co Lawyers,8
Garling And Co Lawyers,8
Burke Elphick And Mead Lawyers,7
Burkemead Lawyers,7
Philip Watson,7
Paramount Lawyers,7
Compensation Lawyers,7
Slater Gordon Lawyers Nsw Pty Ltd,7
Stacks Goudkamp Pty Ltd General Acc No 2,7
Philip Watson Pty Limited Law Practice Trust Account,7
Melinda Griffiths Lawyers,7
Martin Bell Co Solicitors,7
M J Woods And Co Solicitor,7
Littles,7
M J Woods And Co,7
Hy Solicitors,7
Goodman Spring Legal,6
Gorman Jones Lawyers,6
Nesci Lawyers,6
Turner Freeman,6
Ck Lawyers,6
Remington And Co,6
Sher Legal,6
Schreuders Compensation Lawyers,6
Fort Lawyers Pty Ltd,6
Mgl Lawyers,6
Johnston Legal,6
Slattery Thompson Solicitors,6
Premier Compensation Lawyers,6
Bonura Legal,6
Ton Legal,6
Law Partners Compensation Trust Account,6
Lindeman Lawyers,6
Little Lawyers,6
Lhd Lawyers,6
Acerlaw,6
Peninsula Law,6
Bareungil Lawyers,5
Firths The Compensation Lawyers Trust Account,5
Bareungil Lawyers Pty Ltd,5
Longton Legal Pty Ltd,5
Young And Muggleton Solicitors Trust Account,4
Cbd Law,4
The Law Office Of Conrad Curry,4
Premier Lawyers Pty Ltd,4
East Coast Lawyers,4
Adams And Co Lawyers Trust Account,4
Main Lawyers Pty Ltd,4
Teakle Ormsby George,4
Acorn Lawyers Pty Ltd,4
Qld Law Group,4
Barwick Boitano Lawyers,4
Chamberlains Law Firm,4
Drexler Litigation Lawyers Pty Ltd,4
Dr Raeik Kang,4
Turner Freeman Solictors,4
Barwick Boitano,4
Colin Daley Quinn,4
Jp Law Solicitors,4
Peacockes Solicitors,3
Masselos & Co Lawyers,3
Gio Ctp,3
Maliganis Edwards Johnson Trust Account,3
Mtm Legal,3
Whitelaw Mcdonald Solicitors And Attorneys,3
Andresakis And Associates,2
Higgins Lawyers,2
Arbon Legal Group,2
Pc Legal Pty Ltd,2
Star Lawyers Nsw,2
The Personal Injury Lawyers Qld Pty Ltd,2
Slater & Gordon Solicitors,2
Walsh And Blair,2
Michael J Corbett Solicitor,2
Grieve Watson Kelly Lawyers,2
Konstan Lawyers,2
Wren And Co Lawyers,2
Palmieri,2
Mbt Lawyers,2
Sydney Compensation Law Group,2
Adventure Legal,2
Kennedy And Cooke Lawyers,2
Rustam Attai Lawyers,2
Injury Care Compensation Lawyers Pty Ltd,2
Foye Legal,2
Patinos Personal Lawyers,2
Slan Lawyers,2
Slater And Gordon Limited Nsw Trust Account,2
Carty And Cox,2
Ray Swift Moutrage And Assocs Trust Account,2
Alexander Law Group Pty Ltd,2
Schofield King Lawyers,2
James Law,2
Kpl Lawyers Pty Ltd,2
Gajic Lawyers- Duplicate Entry,2
Stephen Spinak Solicitors,2
Jameson Law Pty Ltd,2
Robert Bryden Lawyers,2
Park & Co Lawyers,2
One Law,2
Santone Lawyers,2
Futurelegal Pty Ltd,2
The Firm Law Group,2
Neville Hourn & Borg Legal,2
Mckay Compensation Lawyers,2
Shine Lawyers Ltd Law Practice Trust Account,2
Law Advisory Pty Ltd,2
Marshall And Gibson Lawyers,2
Cutri And Associates,2
Mccourts,2
M D Di Re Solicitor And Attorney,2
Burke And Mead Lawyers Law Practice Trust Account,2
John Fasha Solicitors,2
Marsdens Law Group,2
Lex Fori Lawyers,2
Ga Lawyers,2
Mba Lawyers,2
Chamberlains Law Firm Pty Ltd,2
Masselos And Co Lawyers,2
Bolzan And Princi,2
George Rigon Solicitor,2
Van Lawyers,2
Dalzell Law Pty Ltd,2
Mk Allan Lawyers,2
Schreuder Partners Compensation Lawyers Trust Account,1
Martin Bell And Co Trust Account,1
Kushal Kant,1
Scribefire Pty Ltd,1
Boyd House And Partners,1
Bell Lawyers Pty Ltd Trust Account,1
Schreuder Partners,1
Law Partners Solicitors,1
Millennium Lawyers,1
Slater And Gordon Ltd Law Practice Account Nsw,1
Whitelaw Mcdonald And Assoc,1
R J Ohalloran And Co,1
Boyd House & Partners,1
Hajjar Legal,1
Stacks Port Macquarie,1
Stacks The Law Firm Trust Account,1
Simon Maxwell,1
Lamrocks Legal Pty Limited,1
Stacks Law Firm Trust Account,1
Stacks Taree Trust Account,1
Anne Sharkey & Associates,1
Bell Lawyers Pty Ltd,1
